name,rating,date,review,mentioned_products,review_length,리뷰(번역)
John,1.0,23-Apr-25,january 2025 present april 23 2025 instacart delivered food order stop shop bayonne nj wrong address total 6 times time finishing touch delivered abandoned home complained stop shop helpful trying fix problem instacart gave address guess expected pick paying hefty fee deliver correct address cancelled order s s gave credit order 85 years old moretoday 3 days later received complaint mailman food order obstructing pathway house order perishables milks refrigerated juices frozen foods cold cuts rotisserie chicken veggies fruit assume lying porch sun 3 days called s s help contacted instacart response don t pick things contact times orders trying straighten misdeliveries totally useless arrogant don t know manage stay business kind service customer service high delivery price problems times delivery stores,milk,814,"2025년 1월부터 2025년 4월 23일까지 인스타카트가 뉴저지 베이온의 스톱 앤 샵에 잘못된 주소로 음식 주문을 총 6번 배달했습니다. 매번 마무리 터치를 한 뒤에는 버려진 집에 배달되었고, 스톱 앤 샵에 불평했지만 문제를 해결하려는 데 도움이 되지 않았습니다. 인스타카트는 주소를 제공하지 않았고, 제대로 된 주소로 배달하기 위해 높은 수수료를 지불해야 한다고 추측했습니다. 주문을 취소했고, 스톱 앤 샵은 주문에 대한 신용을 제공했습니다. 85세 이상이고 오늘은 3일 후에 우편 배달부로부터 음식 주문이 집 앞 길을 막고 있다는 불만을 받았습니다. 주문에는 유통기한이 있는 우유, 냉장고에 보관되는 주스, 냉동 식품, 콜드 컷, 로티세리 치킨, 채소, 과일이 포함되어 있었는데, 3일 동안 햇볕에 노출되어 있다고 가정했습니다. 스톱 앤 샵에 도움을 요청했지만, 인스타카트에 연락했을 때는 응답이 없었습니다. 물건을 가져가지 않으려고 하며, 여러 차례 주문을 하려고 했지만 잘"
Sophie,1.0,21-Mar-25,worst grocery delivery ordered groceries produce items wrapped produce bags puts lettuce celery green onion fruit directly shopping cart checkout stand putting items produce bag sanitary hygiene reasons delivery car rain elevator placed doorstep send photo stating address pay expedited delivery fee contacted customer service spoke different representatives giving runaround regarding refund morei brought groceries store manager ready speak got runaround regarding refund left bags groceries store don want groceries packed driver doesn practice basic hygiene food handling safety protocols cost 80 waiting refund trying cancel free trial use instacart wish read bad reviews prior using company use did dinner wasted 2 1 2 hours time trying resolution m sure won business long 1 star reviews,onion,793,"제일 최악의 식료품 배송 주문한 식료품 생산물을 포장한 봉투에 담아 상추, 셀러리, 파란 양파, 과일을 쇼핑 카트에 직접 넣고 체크아웃 스탠드에 놓아두었습니다. 생산물 봉투에 물건을 넣는 이유는 위생상의 이유였지만 배송 차량에서 비가 오는 엘리베이터에 놓아두고 문 앞에 놓고 사진을 찍어 주소를 명시하고 긴급 배송 요금을 지불했습니다. 고객 서비스에 연락하여 환불에 대해 둘러대는 서로 다른 대표들과 대화했지만 더 이상은 못 참겠어서 가게로 식료품을 가져갔고, 매니저와 대화하려고 했지만 환불에 대해 둘러대기만 했습니다. 가방에 식료품을 넣어두지 않았는데, 운전사가 기본 위생 및 식품 처리 안전 규정을 따르지 않았습니다. 80달러를 지불하고 환불을 기다리고 있으며 무료 평가판을 취소하려고 노력하고 있습니다. 인스타카트를 사용하기 전에 나쁜 리뷰를 미리 읽었으면 좋았을텐데, 이 회사를 사용한 것은 저녁 식사를 했지만 2시간 반의 시간을 낭비했고 해결"
Nancy,1.0,"Oct. 24, 2024",things order ordered different types brand ordered original ordered unsweetened almond milk pea soup dented expensive worth money try delivery services accurate,milk,160,"주문한 물건들이 다양한 종류의 브랜드로 주문되었는데, 원래 주문한 것은 달지 않은 아몬드 우유와 피스프 스프였습니다. 스프는 찌그러진 상태로 도착했고, 조금 비싼 편이지만 가치는 있었어요. 배달 서비스는 정확했습니다."
Kimberly,1.0,21-Jun-24,instacart customer 2020 overall good experiences tipped 25 30 service great 15 20 just average delivery area pretty decent times delivery important items needed day missing refunded happened maybe twice pick aldi problem delivery awful shopper quality really gone downhill foremost order hour late things happen little forgiving cold items ruined shopper did items cooler doing orders according insta cart did credit ruined order oh milk smelled like fish wth morenow used 10 coupon 2nd order month refused refund use new pick order fresh correct items gave 5 credit customer service stinks canceled subscription maybe pick shop aldi just use website class action lawsuit consumers got screwed greed instacart m totally recommend instacart,milk,739,"인스타카트 고객 2020 전반적으로 좋은 경험을 했습니다. 팁을 25-30% 정도 주면 서비스가 좋고 15-20% 정도 주면 보통입니다. 배달 지역은 꽤 괜찮고 중요한 물품이 필요한 날에 물품이 빠진 경우가 있으면 환불을 받을 수 있습니다. 이런 일이 두 번 정도 있었는데 알디에서 물품을 수거하는 데 문제가 있었고 배달이 정말 최악이었습니다. 쇼퍼의 품질이 많이 떨어진 것 같습니다. 무엇보다도 주문이 한 시간 늦게 도착했는데 이런 일도 있지만 조금 너그러워야 할 것 같습니다. 차가운 물품이 망가지면서 주문이 망가졌는데 쇼퍼가 냉장고에 넣어주지 않았습니다. 인스타카트에 따르면 주문이 망가졌다고 해서 크레딧을 돌려주지 않았습니다. 오, 우유가 물고기 냄새가 난다고요? 이게 무슨 일이죠? 더 이상 지금 사용하지 않을 거에요. 10달러 할인 쿠폰을 사용했는데 두 번째 주문에는 거부당했고 환불을 받을 수 없었습니다. 새로운 쇼퍼를 선택하고 올바른 물품을 주문했는데 5달러 크레딧을 받았습니다."
Ronald,1.0,17-Apr-24,placed order evening local dillons delivered 3 01 3 40pm received text messages updating kober shopping checking delivery received order 5 24pm called dillons spoke manager advised dillons contracted instacart suggested contacting instacart instacart support helpful offered apology suggested going directly shopping needs kober apparently shopped drove north past address make delivery silverware ks fortunately perishables catfish cheese milk acceptably cool kober assured maxed car ac m just glad didn t ask tip absolutely time,milk,530,"저녁에 주문을 한 후 현지 딜론스가 3시 01분부터 3시 40분까지 배송했고, 쇼핑을 확인하고 배송을 확인하는 텍스트 메시지를 받았습니다. 주문은 5시 24분에 받았고, 딜론스에 전화하여 매니저와 이야기했는데, 딜론스가 인스타카트와 계약을 맺었다고 하여 인스타카트에 연락하라고 제안했습니다. 인스타카트 지원팀은 도움이 되었고 사과를 제안하며 쇼핑을 직접 하는 것을 제안했습니다. 코버가 쇼핑을 하고 북쪽으로 주소를 지나가서 실버웨어 KS로 배송을 했지만 다행히 식품이나 고양이 피쉬, 치즈, 우유는 적당히 시원했습니다. 코버는 차의 에어컨을 최대로 틀었다고 확신했고, 다행히 팁을 요청하지 않아서 기뻤습니다. 절대적으로 시간을 지키는 것이었습니다."
Francis,1.0,08-Apr-24,place order 04 02 24 5 large 7 oz dark chocolate russell stover easter bunnies 6 49 clearly checked box did want substitutes wanted refund instead store didn t 7 oz dark chocolate bunnies instead received 5 small 3 oz milk chocolate russell stover bunnies didn t want charge card charged 39 81 order printed order number email address used mention wanting substitues wanted refund worse days later record order instacart s website nada extremely poor people business complete total rip refund record order,milk,505,"4월 2일에 24개의 7oz 다크 초콜릿 러셀 스토버 부홍이를 주문했는데, 6.49달러를 지불했습니다. 분명히 대체품을 원치 않았고 대신 환불을 원했는데, 상점은 7oz 다크 초콜릿 부홍이 대신 5개의 작은 3oz 우유 초콜릿 러셀 스토버 부홍이를 받았습니다. 제 카드에 청구되길 원치 않았고, 39.81달러가 청구되었습니다. 주문 번호와 이메일 주소가 기재된 주문서에는 대체품을 원하지 않고 환불을 원했음을 언급했는데, 나쁜 일이 더욱 나빠진 것은 몇 일 후에도 주문 내역이 기록되지 않았습니다. 인스타카트 웹사이트에도 아무것도 없었습니다. 매우 불만족스러운 상황이었고, 사람들의 비즈니스를 완전히 망친 상황입니다. 환불 기록이 없습니다."
Ray,1.0,21-Mar-24,discontinued cart times 45 years 4 years gone delivery companies grocery store accounts reason come instacart recent couple years really gone bad understand people come country don t understand things operate food items maintaining proper temp proper dress code forth far professional person shops delivers food instructor doesn t match criteria anymore ve food come steaks milk cheese frozen products ambient temperature outside ve food come hot touch bag frozen fish couldn t eat ve eaten getting sick called complained moreand s want credit account use compensation screwing thank m instacart guess just t believe arrogance don t care hope right money opportunity dispute hatred just satisfaction ll m taking advantage,milk,721,"45년 동안 존속해 온 카트가 4년 전에 없어졌고 배달 업체들이 식료품 가게 계정을 인스타카트로 변경한 이유는 최근 몇 년 동안 정말 나빠졌다. 나는 이 나라에 온 사람들이 어떻게 운영되는지 이해하지 못하기 때문에 음식 항목들이 적절한 온도를 유지하고 적절한 복장 등을 유지하지 못하고 있습니다. 이전에는 전문적인 사람이 쇼핑을 하고 음식을 전달했지만 이제는 기준에 맞지 않습니다. 스테이크, 우유, 치즈, 냉동 제품 등이 외부 온도에 노출되어 왔고, 뜨거운 손으로 만진 봉지에 냉동 생선이 들어 있어서 먹을 수 없었습니다. 먹었을 때 아프게 되었고, 더 많이 전화해서 불평했지만 크레딧 계정을 사용할 보상을 받지 못했습니다. 이런 일이 계속되어서 너무 화가 나서 인스타카트를 이용하지 않을 것입니다. 그저 돈을 위한 기회를 노리는 것이 아니라, 불만족을 해소하고 싶어하는데 이런 걸 이용하는 것이라고 생각합니다. 제가 이용하는 것에 대해 더 이상 우롱당하지 않기를 바랍니다. 감사합니다."
Honda,1.0,14-Mar-24,ordered groceries 4 issues received order contacted instacart times issue resolved following issues more1 charged 2kg tomatoes delivered 0 76kg did response complaint 2 charged 0 35kg ginger delivered 0 17kg did response complaint 3 ordered organic bananas delivered regular ones promised credit account did 4 delivered extra item ordered resolved issue total charged 8 extra just 53 groceries rip buying,"banana, bananas",404,"식료품을 주문했는데 문제가 4가지 발생했습니다. 주문을 받았지만 인스타카트에 연락하여 문제를 해결했습니다. 다음과 같은 문제가 있었습니다. 1. 2kg 토마토를 주문했지만 0.76kg만 받았고, 불만에 대한 응답이 없었습니다. 2. 0.35kg 생강을 주문했지만 0.17kg만 받았고, 불만에 대한 응답이 없었습니다. 3. 유기농 바나나를 주문했지만 일반 바나나가 배달되었고, 계정에 크레딧을 약속했지만 이행되지 않았습니다. 4. 추가 주문한 품목이 배달되었지만 문제가 해결되지 않았고, 총 8개의 추가 품목이 청구되었습니다. 이러한 문제로 인해 식료품을 구매하는 것이 어려웠습니다."
L,1.0,"Feb. 29, 2024",instacart app overcharges app calculate prices produce higher weights purchase charged double actual price shoppers bought rotten food left shattered bag milk pouring porch instacart s response flag account problematic despite providing photo proof advertise charge store prices charge higher prices stores lie apply 2 credits delayed delivery honour credits offer excuse account flagged morehow 2 delivery rebate contingent account status given agreed issues fault flag account basically overcharge disregard advertises credits allow shoppers poor service penalize customer ask refunds exploded bags milk clean porch,milk,617,인스타카트 앱은 과도하게 가격을 부과하며 앱이 무게를 과대 계산하여 높은 가격으로 식품을 구매하게 되어 실제 가격의 두 배가 청구되었습니다. 쇼퍼들이 부패한 식품을 샀고 깨진 우유가 담긴 가방을 현관에 쏟아냈습니다. 인스타카트의 대응은 문제가 있는 계정을 깃발 표시하였으며 사진 증거를 제공했음에도 불구하고 문제가 있었습니다. 가게 가격을 청구하고 더 높은 가격을 청구하며 가게들이 거짓말을 하고 있으며 2개의 크레딧을 제공하여 배송이 지연되었음에도 크레딧을 제공하지 않았습니다. 계정이 깃발 표시되어 더 이상 크레딧을 제공하지 않았으며 계정 상태에 따라 2회 배송 환불이 제공되었지만 문제는 제가 동의하지 않은 문제에 대한 책임을 떠안았습니다. 계정을 깃발 표시하여 사실상 과도하게 청구하고 광고하는 크레딧을 허용하며 쇼퍼들에게 불량한 서비스를 허용하고 고객을 처벌하며 환불을 요청하는 고객에게 우유가 터진 가방을 청소하라고 요구했습니다.
heidi,1.0,"Dec. 18, 2023",using fred meyer app uses instacart just order bunch stuff son delivered really sick livid shopper went shopping mark stock went damn shopping spree phone instacart spent 127 card just called instacart gave earful let know huge flaw delivery drivers just cancel order order want charge person credit card e attached order canceling everythingmorefisherman friends cough dropscovid testgatoradecold medicine night daytop romainsoda crackersprogress chicken noodlesprite attached boughtcascadecliff barscucumbersbagelscutiesmilkbananasstrawberriesgrapesegg nogground beef2 things eggskroger cheesetillamook cheesecream cheesecarrotshummuscoffeebacontidei demanded manager claim 7 pm let son know shopping buying stuff drop apartment ended driving hour son s house bring things needed crazy crime include images showing canceled order bought include order final receipt showing price got charged delivered,"banana, bananas, strawberries, milk",902,"프레드 메이어 앱을 사용하여 인스타카트를 이용했는데, 아들이 아파서 많은 물건을 주문했고 배달을 받았습니다. 화가 나서 쇼퍼가 쇼핑을 하러 갔다가 재고가 없어서 다른 상품을 쇼핑하러 갔다가 폰으로 인스타카트에 127달러를 썼다는 것을 알게 되었습니다. 인스타카트에 전화해서 큰 결함을 알렸고 배송 기사들이 주문을 취소할 수 있다는 것을 알게 되었습니다. 주문을 취소하고 싶으면 신용카드를 청구하겠다고 했습니다. 주문을 취소하고 모든 것을 샀던 것을 보여주는 이미지와 최종 영수증을 포함한 주문 내역을 첨부했습니다. 7시에 매니저를 요구했고 아들이 쇼핑하고 물건을 아파트에 떨어뜨리는 것을 알려달라고 했지만, 결국 아들 집으로 물건을 가져다주기 위해 한 시간을 운전해야 했습니다. 미친 범죄에 해당하는 상황이었습니다."
C,1.0,"Nov. 12, 2023",consistently wrong items missing items paid entirely wrong orders minimum 2 screwups happens sorry person needed berries bananas kiddos sorry got salad wrap ginger ale took 30 min 5 kidding 5 csrs 1 refund order bare minimum legal standpoint takes 10 days offered 5 credit inconvenience m going using service t bothered right make right moreno need csr cancel membership s predatory idc s legal cancelled instacart service tonight saying really true want right rely delivery drive t imagine insanity bring homes severe issues managed worng stuff able order depended money s 10 days hey sorry aim aim,"banana, bananas",599,상품이 계속 잘못되거나 누락되어 완전히 잘못된 주문이 이루어지고 있습니다. 최소 2번의 실수가 발생했습니다. 죄송합니다. 사람이 필요한 베리나 바나나를 주문했는데 아이들이 샐러드 랩과 진저 에일을 받았습니다. 30분이 걸렸고 5명이 농담하는 것이 아닙니다. 5명의 고객 서비스 담당자와 1명의 환불 주문이 최소한의 법적 규정으로 10일이 소요됩니다. 불편을 드려 죄송합니다. 이 서비스를 계속 사용할 예정이 아닙니다. 문제를 해결하려는 노력이 부족하다면 CSR이 멤버십을 취소해야 합니다. 이것은 약탈적이며 상관없습니다. 법적으로 취소된 인스타카트 서비스를 오늘 밤에 사용하지 않겠다고 말했습니다. 정말 사실인지 확인하고 싶습니다. 제대로 해결하려면 배송기사에 의존해야 합니다. 미친 듯한 문제를 집으로 가져오는 것은 상당한 문제를 야기했으며 잘못된 물건을 주문할 수 없었습니다. 돈을 의지해야 했습니다. 10일이 걸렸습니다. 죄송합니다. 목표를 향해 가고 있습니다.
G,1.0,"Oct. 10, 2023",recently tested positive covid forced grocery shopping online gave trash company try ordered groceries indian store woman doing shopping idea buying didn t care ordered pepper papad got bag pepper corns ordered frozen patra got paratha pictures 2 items different believe mistake vegetable flat bread okra picked largest mature tough okra fibrous edible clearly eaten bought okra got dry dal oil dal requested cart left essential milk told chosen replacement essential purchase moreinstacart asks tip place order uncomfortable prefer decide product delivered claim likely shopper promise tip sorry instacart paying shoppers begging tips tip decide advance contacted support complaining purchase errors offered minimum refund reflected account gave written confirmation refund evidence chat overall end end horrible experience company values decency honesty clueless customer service,milk,881,"요즘 양성 판정을 받은 코로나로 인해 식료품을 온라인으로 구매해야 했는데, 쓰레기 회사를 시도해 봤습니다. 인도 가게에서 장을 보는 여성이 구매한 식료품을 주문했는데, 무슨 물건을 샀는지 모르고 신경쓰지 않았습니다. 후추 파파드를 주문했는데 후추씨를 받았고, 냉동 파트라를 주문했는데 파라타를 받았습니다. 두 가지 물건의 사진이 다르다는 것을 믿을 수 없었습니다. 채소와 평평한 빵 오크라를 선택했는데, 가장 크고 성숙하고 딱딱한 오크라를 선택했습니다. 오크라는 섬유질이 많고 먹을 수 없었습니다. 분명히 먹어본 오크라가 아니었습니다. 건조한 달과 기름 달을 주문했는데, 달을 요청했지만 장바구니에 남겨두었습니다. 필수 구매품인 우유를 선택했는데, 대체품을 선택하라고 했습니다. 더 많은 인스타카트 팁을 요청하고 주문을 할 때 불편했습니다. 제품을 선택하는 것을 선호하며, 배달된 제품을 결정하고 싶습니다. 클레임을 제기하면 쇼퍼에게 팁을 약속하고, 팁을 결정하기 전에 미리 알려줍"
Tracy,1.0,"Sept. 2, 2023",90 degree day groceries hot trunk half hour eggs milk sweating said milk replacement bought anyways asked 12 flavor gummy bears got pound wrong item asked half pound coffee got bag gave s order instacart did refund money wrong items second time used time wrong replacement outdated products shopper doesn t really pay attention care instacart did refund care unfortunately shoppers don t worth fees bad shopping,milk,411,"날씨가 90도인 날에 장을 사러 갔다가 차의 열린 트렁크에 반 시간 동안 있던 계란과 우유가 땀을 흘리며 망가졌다. 우유 대신 구입한데도 불구하고 요청한 12가지 맛의 구미곰을 받았는데, 잘못된 제품을 받았다. 반 파운드의 커피를 요청했지만 가방을 받았다. 주문한 것을 인스타카트에 맡겼지만 잘못된 제품에 대한 환불을 받았다. 두 번째 이용한 인스타카트에서도 잘못된 대체품과 오래된 제품을 받았는데, 쇼퍼는 실제로 신경을 쓰지 않는다. 인스타카트는 환불을 해주었지만, 유감스럽게도 쇼퍼들은 수수료를 받을 가치가 없다. 쇼핑이 나쁘게 되어버렸다."
Brenna,1.0,27-Jul-23,couple weeks ago did order fry decided delivery sick day second time used instacart option grocery app time didn issues time guy marked bunch stuff ordered unavailable picked worst substitutions ordered packs chicken crazy great price said didn instead got pack chicken way price e cost marked different things unavailable picked organic options instead tipped 8 paid 10 delivery fee subs order way expensive anticipating morei went grocery store minutes dropped return subs guess said chicken orange green onions soda white onions took pictures phone 3 hours hung accident said twice finally transferred got refund pay delivery fee tip couldn refund store basically paid chicken 2 times trying ones actually wanted talked 4 people 4 resolved 26 chicken 9 99 delivery fee taxes 8 tip,"onion, onions",783,"몇 주 전에 후라이를 주문했는데 배달을 결정했어요. 아프던 날 두 번째로 인스타카트 옵션을 사용한 적이 있었는데, 그때는 문제가 없었어요. 그런데 이번에는 남자가 주문한 많은 물건들 중 일부가 없다고 표시했고, 최악의 대체품을 골랐어요. 주문한 치킨 팩들을 주문한 가격보다 비싸게 팔았다고 해요. 원래 주문한 것 대신에 치킨 팩을 받았는데, 가격이 다르고 다른 것들을 주문할 수 없다고 표시했어요. 유기농 옵션을 대신 골랐고 팁으로 8달러를 주고 10달러의 배송비를 냈어요. 대체품 주문이 예상보다 비싸서 더 많은 것을 기대했어요. 식료품점에 가는데 26분이 걸렸고, 대체품을 반품하고 싶었는데 치킨, 오렌지, 파란 양파, 소다, 흰 양파를 가져갔어요. 핸드폰으로 사진을 찍었고 3시간을 기다렸지만 사고로 연결이 두 번 끊겼어요. 마침내 환불을 받았지만 배송비와 팁을 돌려받을 수 없었어요. 식료품점에 돈을 두 번 지불해서 실제로 원했던 것들을 얻으려고 했어요. 4"
Rachel,1.0,29-Jun-23,ve using instacart couple months aren t ways make sure shoppers actually good job ve received orders ve paid items items blatantly covered mold just rotten believed fine provided easy way receive credit poor decisions shopper yesterday experience use service morei ordered pretty hefty order able communicate replaced items wanted looked order receipt shown item requested purchased got notification delivered went outside apparent missing half order paid 340 woman kept fresh produce ordered gave wheat carb frozen products ordered missing blueberries watermelon kale spinach things instacart closed account suspicion fraud m locked account proper department verify identity send id cc m owed half order wait 24 48 business hours received follow morning reminder use company resolution woman removed area showing meantime continue advantage instacart clients t guarantee reprimanded won t able access refund receive follow email specific department true criminals allowed advantage away instacart better getting damn groceries period,"blueberries, blueberrie, spinach",1034,"인스타카트를 몇 달 동안 사용해 왔는데, 쇼퍼들이 실제로 좋은 일을 하는지 확인하는 방법이 없습니다. 주문한 물품 중에는 곰팡이로 덮인 것이나 썩은 것이 드러난 물품도 있었습니다. 이것은 괜찮다고 믿었지만, 신용을 받기 쉬운 방법을 제공해 주지 않았습니다. 어제 쇼퍼의 실수로 경험이 나빠졌습니다. 상당히 큰 주문을 했는데, 원하는 대로 대체할 물품을 소통할 수 없었습니다. 주문서를 보니 요청한 물품이 구매되었다는 통지를 받았지만, 외부로 나가보니 절반 정도가 빠져 있었습니다. 340달러를 지불했는데, 여자는 주문한 신선한 식물을 주지 않고, 대신에 주문한 밀가루 탄수화물이 든 제품을 주었고, 블루베리, 수박, 케일, 시금치 같은 물품이 빠져 있었습니다. 인스타카트는 사기 의심으로 계정을 잠겼고, 제 신원을 확인할 수 있는 적절한 부서에 계정을 확인하고 ID와 신용카드를 보내야 한다고 했습니다. 저는 주문의 절반을 받아야 하는데, 24~48시간 기다려야 한다고 했습니다. 다음 날 아침에 따르는 이메일을 받았"
e1,1.0,12-May-23,recently enrolled boost delivery shopping instacart say m disappointed time received order getting things didn t order charged time replacements poorly selected example ordered coconut milk given coffee creamer replacement didn t approve probably won t instacart,milk,262,"최근 인스타카트를 통해 배달 쇼핑을 시작했는데, 주문한 것과 다른 물건을 받아서 실망했습니다. 대체품이 잘못 선택되어서 요구하지 않은 물건을 받았고, 그에 대해 비용이 청구되었습니다. 예를 들어, 코코넛 밀크를 주문했는데 커피 크리머로 대체되었습니다. 이런 일이 계속된다면 인스타카트를 더 이상 이용하지 않을 것 같습니다."
Coralee,1.0,07-May-23,particular quality produce meat specific order preferences instacart e bright red shiny plump berries ordering raspberries shoppers better appreciated problem order instacart refund problem recent order reported issue normally product doesn t meet standard based order instructions time received email instacart saying reviewing account based unusually high number order issue reports accusatory phoned customer service cancel account pro rate refund membership fee refused grace period 15 days morei reluctantly accepted refund reiterated wanted account cancelled told t continual pushback asked personal information removed said understood department couldn t help wanted transferred provided contact information department went time resolution issues raised person speaking continued say addressed concerns hadn t kept saying hung,raspberries,833,"특정 품질의 제품을 고르고 싶을 때 주문 선호도를 지정할 수 있는 인스타카트에서 밝은 빨간색 반짝이는 푸석한 베리를 주문했는데, 라즈베리를 주문한 쇼퍼들이 더 잘 이해해줬으면 좋겠다는 문제가 발생했습니다. 인스타카트에 문제를 신고했고, 최근 주문한 제품에 문제가 있음을 보고했으나 주문 지시에 따라 제품이 표준을 충족하지 못했다는 이메일을 받았습니다. 인스타카트는 계정을 검토 중이라고 말했는데, 이는 이상하게 많은 주문 문제 보고서가 있기 때문이라고 합니다. 고객 서비스에 전화해서 계정을 취소하고 멤버십 비용을 일부 환불해 달라고 했지만, 우아한 기간 15일 이상을 거부당했습니다. 마침내 환불을 받아들였지만 계정이 취소되길 원한다고 반복했고, 계속해서 개인 정보를 요청하는데 이를 거부했습니다. 그래서 다른 부서로 연락처 정보를 제공해달라고 했는데, 문제 해결을 위해 시간을 들이는 동안 상대방은 계속해서 이야기했지만 제가 제기한 문제에 대한 대답이 없었습니다. 계속해서 제 문제를 다루지 않았다고 말했지만 계속해서 말을 이어갔습니다."
Thomas,1.0,18-Apr-23,tonight fifth final time giving instacart chance overcharged argued phone senior time ordered got wrong spoiled milk thawed ice cream putting hold 45 25 having wait 5 7 days tonight overcharge brought attention associate argued phone proof right black white continuously make mistakes don listen make right,milk,306,"오늘밤은 인스타카트에 마지막으로 기회를 준 다섯 번째 시간인데, 과금되어 말다툼을 벌였고, 전화로 시니어 시간에 주문한 것이 잘못되었고, 상하게 된 우유와 녹아버린 아이스크림을 받았습니다. 45분 동안 대기하고 25분 동안 기다려야 했고, 오늘밤에도 과금이 되어서 주의를 끌었는데, 상담원과 전화로 증거를 제시하고 옳다고 확신했지만, 계속해서 실수를 저지르고 듣지 않고 올바르게 하지 않습니다."
Judith,2.0,14-Apr-23,experience deliveries instacart sprouts longer grocery list similar issues adequate correction couple months earlier short list walmart totally positive great shopper items right deliver hour did copy receipt verify charges given groceries delivered issues written company format replied company introduction web page charges service fee adequate notice explanation figured applied checkout balance informed consent tips applied directed shopping experience morecannot questions adequately answered phone contacts seniors connects foreign countries like jamaica south africa shopping experience contacts adequately informed pressure let issue drop accents difficult comprehend people poorly informed frustrating shopper used walmart shortlist excellent hour right expected sprouts albuquerque shopper wife instacart shopper said home injury did cans tuna charged card apparently bag charged paid bank grass fed milk half gallons dated days expiration date purchase second gallon staying fresh couple days needed staff africa argued ordered baked beans instead black beans list initial shopping list doubt did pick fresh products overall positive matter organization instacart page describes service charges place account checkout procedure tipping charges added tipping decide pay learn receipt available day shopping experience receipt comes groceries service fee representative africa explain jamaica said 1 9 total grocery goes instacart joined 9 99 month told charge tip determine strictly case increased 65 receipt specified shopping happening question service fee got different answers jamaica africa vague formula contradictory answer rep jamaica gave nearly half actually charged really idea figured 25 held home did shopper thinking did food got choices did shopping list procedure writing concerns sending response time sprouts got reply feel lack control cost shopping instacart case actual items pleased fault grocery store fact sprouts instacart person did shopping employee store felt did tip shopping store staff did shop tip reasonable got 42 merely picking groceries driving 1 6 miles house placed delivery shopper lot control response adequate little information development instacart consumer information page email told explain questions provided promised africa ignore essential aspect business contract sorts agree pay pay random fees added told required writing agreed pay think duly informed costs expected pay figured essential right essential communicating people language accents bit frustrating persons attitude corrective responding way believed respond cultural expectations personal experience difficult accept want talk people north america people expectations similar speech similar felt cultural judgement placed questions answer question did like brushed like women question accept unacceptable reply likely know rules instacart likely answer company cheap resolution instacart believe important satisfy customers like poorly run business shoppers send wives shopping bring friend carried groceries did feel proper did background check cans tuna refund does jason s wife know policies groceries packed produce freshest did second dozen eggs tuna black organic beans refried rice proper paid choices charged 2nd dozen eggs month non meat eater like eggs cost tip trip store disabled medications endurance overall expect troublesome hope gets better lack information instacart return reply format provided present problems acceptable spent 1 6 grocery 382 groc tip service fee cases pay items provided tuna non chosen items attempts talk foreign agents promised email state credits received credit promised said time credit service fee cause advised advised want know determined actual fee charged,milk,3730,"인스타카트 스프라우츠 배송 경험은 장보기 목록이 길어지면서 이전 몇 달 동안 유사한 문제가 발생했습니다. 월마트의 짧은 목록과는 달리 완전히 긍정적이었고, 좋은 쇼퍼가 제품을 올바르게 선택하여 1시간 내에 배달했습니다. 영수증을 확인하고 요금을 확인했지만, 식료품이 배달되었을 때 문제가 있었습니다. 회사 형식으로 작성된 문제를 회사에 보고했고, 회사 소개 웹 페이지에 답변을 받았습니다. 서비스 요금에 대한 충분한 사전 통지와 설명이 없었으며, 결제 잔액을 알려주지 않았습니다. 팁이 적용되었고 쇼핑 경험에 직접 연결되었습니다. 더 이상 질문을 충분히 대답하지 못했고, 외국인 연락처가 있었지만, 쇼핑 경험에 대해 충분히 알려주지 않았습니다. 액센트가 이해하기 어려웠고, 정보가 부족하여 짜증이 났습니다. 월마트의 짧은 목록은 우수했고, 1시간 내에 올바르게 예상했지만, 스프라우츠 앨버커키 쇼퍼와 인스타카트 쇼퍼인 아내는 집에서 부상을 입었으며, 참치캔이 청구되"
Nancy,1.0,"Feb. 19, 2023",didn t like idea having pay membership instacart shop aldi husband longer able drive store buy groceries like choice able items needed regular basis deliveries flawless problems deliberately shops bright green bananas short time membership happened twice different shoppers ordered fresh blueberries twice times arrived mold stems shopper notes choosing fully ripe fruit signs mold ignored milk bread items chose did long shelf life expect add shopper s notes morethe biggest problem discovered bag frozen honey barbecue chicken wings thawed refrozen opened discovered week receiving weren t ready eat husband called customer service report explained situation agent asked hold finally came holding 40 minutes said looking didn sound like cared endless hold finally hung called got nicer agent holding long finally said help credit order interrupted male voice husband long hold finally came said couldn refund refunds explained refunds green bananas moldy blueberries paper towels shopper couldn didn refund promised shopper issues things did said account need sent investigations department cleared process refund asked wait patiently 4 5 days complete receive email asked make notations account information lost assured waited email arrived called today agent spoke shockingly told record calling room heard husband make speaker phone calls matter fact assured checking phone numbers email account called recording says calls recorded asked check records said allowed said didn report issue couldn possibly refund late canceled membership reading reviews instacart realize better having deal horrible company aldi great place shop person really need better way home delivery like walmart does,"banana, bananas, blueberries, blueberrie, milk",1695,"인스타카트 멤버십을 결제해야 한다는 아이디어가 마음에 들지 않았습니다. 남편이 더 이상 운전을 할 수 없어 알디 가게에 가서 장을 살 수 없을 때, 선택의 여지가 없었습니다. 정기적으로 필요한 물품을 선택할 수 있는 것은 좋았지만, 배송은 완벽했지만 문제가 있었습니다. 의도적으로 밝은 녹색 바나나를 산 쇼퍼들이 있었고, 멤버십이 두 번 일어났을 때 각기 다른 쇼퍼가 주문한 신선한 블루베리가 두 번 도착했을 때 줄기에 곰팡이가 났습니다. 쇼퍼 노트에 완전히 익은 과일을 선택하라는 표시가 무시되었고, 우유, 빵 등의 장바구니를 선택했던 아이템들은 장기간 유통기한이 있는 것을 기대했지만 쇼퍼 노트를 추가할 수 있었으면 더 좋았을 것입니다. 가장 큰 문제는 해동된 후 다시 얼린 봉지에 든 허니 바비큐 치킨 날개를 발견했을 때 발생했습니다. 개봉 후 1주일이 지난 후 준비가 된 것이 아니었고, 남편이 고객 서비스에 전화하여 상황을 설명했을 때, 대리인이 40분간 대기하라고 했지만 그 후에도 신경 쓰지 않는 것처럼 보"
Yvonne,1.0,"Feb. 16, 2023",enticed convenience service signed member instacart year paid 100 fee knowingly paid membership fee agreed service fees order tip shopper did know months later instacart randomly marks individual item buy example onions 1 49 instacart charges 1 89 bagels 3 49 charge 6 49 actually happened instacart takes 0 40 plus item addition membership fee service fee heavy lifting fee tip tried dispute random markups credit card company denied moremy advise away instacart groceries ordering mariano s kroger walmart directly picking having delivered better idea using amazon fresh reasonable want cheapest shop store aldi instacart communicating transparent way customers,"onion, onions",663,"인스타카트 회원으로 가입하여 편리한 서비스에 끌려 1년 동안 100달러의 회비를 지불했습니다. 이 회비를 알고 있었지만 서비스 수수료와 주문 팁을 동의한 적이 없었습니다. 몇 달 후, 인스타카트가 임의로 구매한 개별 상품에 가격을 올려서 청구했습니다. 예를 들어 양파가 1.49달러인데 인스타카트는 1.89달러로 청구했고, 베이글이 3.49달러인데 6.49달러로 청구했습니다. 이런 일이 실제로 발생했습니다. 인스타카트는 물건마다 0.40달러를 추가로 가져가고, 회비와 서비스 수수료, 무거운 물건 취급 수수료, 팁까지 청구합니다. 이런 임의의 인상에 이의를 제기했지만 신용카드 회사에서 거부당했습니다. 제 조언은 인스타카트를 피하고, 마리아노스, 크로저, 월마트 등 직접 가서 구매하거나 배달을 받는 것이 더 나은 선택이라는 것입니다. 아마존 프레시를 사용하는 것도 합리적인 아이디어입니다. 가장 저렴하게 쇼핑하고 싶다면 알디 같은 가게에서 직접 쇼핑하는 것이 좋습니다. 인스타카트는 고객들과 투명하게 소통하지 않습니다."
Michael,1.0,"Dec. 23, 2022",placed grocery order delivery publix asked groceries left door delivery driver left order requested unfortunately s order food city publix needed items christmas son s house needed delivered anticipated storm happen overnight east tennessee morei called customer service 20 minutes hold hung contacted chat feature 15 minutes wait passing agent told safety reasons throw away received order donate 70 year old senior citizens room freezer need gallons milk lots groceries appeared party having offered gone refused allow happen asked order deliver immediately told shopper located responding asked reshop order deliver said wouldn t possible said shopping drive store pick close told couldn t happen processed refund supposedly ruined christmas plans especially weather bad say s going t store morning care unfortunately ruined person s plans received order furthermore error caused destruction perfectly good food travesty joke company use walmart grocery pick future,milk,968,"푸블릭스에 식료품 주문을 배달해 달라고 했는데, 주문한 식료품을 문 앞에 두도록 요청했고 배달기사가 그렇게 두었습니다. 불행히도 주문한 것은 푸드 시티에서 필요한 물품이었고 크리스마스를 위해 아들의 집에 배달되어야 했는데 예상치 못한 폭풍이 발생하여 동부 테네시에서 밤새 일어날 일이 있었습니다. 고객 서비스에 전화했는데 20분 동안 대기하고 나서 연락을 끊었고, 채팅 기능을 통해 연락을 취했는데 15분을 기다렸지만 상담원은 안전 상의 이유로 받은 주문을 버리거나 기부하라고 말했습니다. 70세 이상의 노인들이 필요로 하는 용기 우유와 많은 식료품이 필요했는데 파티를 하고 있는 것처럼 보였고 제안을 거부했습니다. 주문을 즉시 배달해 달라고 요청했지만 쇼퍼가 위치를 알려주지 않았고 다시 주문하고 배달해 달라고 했지만 불가능하다고 했습니다. 가게에 가서 쇼핑을 하고 가까운 곳에서 픽업하라고 했지만 그렇게 할 수 없다고 했습니다. 환불을 처리했지만 크리스마스 계획을 망쳤습니다"
Dianna,1.0,"Nov. 19, 2022",cancelled order far items available lie ordered milk lettuce tomatoes simple products left limbo cancel order online order paid subscription smith s delivery instacart cheated disabled rely delivery food ordered walmart got groceries don t use cheat,milk,249,"주문이 취소되었고 제품이 없는 거짓말을 한 상태에서 우유, 상추, 토마토를 주문했지만 간단한 제품만이 남아 있어 주문을 취소하고 온라인 주문을 했으며, 유료 구독을 했지만 Smith's 배송 인스타카트에 속았고, 장애인은 배달 식품에 의존하고 있으며, 월마트에서 주문한 식료품을 받았지만 사용하지 않았습니다. 속이지 마세요."
Michael,2.0,"Nov. 8, 2022",extremely reluctant try 2 5 years pandemic wife finally got covid despite totally date booster vaccinations isolating days running basic groceries entire time ve managed avoid having groceries picked service delivered wanted way knew exactly didn t want exactly service lame morewe picked grocery store shop familiar staple items running online platform doesn t exactly route items worst value meaning items highest cost unit quite sure normal 1lb container organic baby spinach won t website picked 1lb container organic spring mix guess did substitution wife handling transaction does cooking totally removed started contacting substitute smaller units lower value unit items higher cost product promised going order produce got sucked ve sick days needing eat nice leafy green veggies big mistake way substitute stuff total scam s like picked dumbest person know sent shopping picked doesn t like care protecting dollars just subbing stupid crap completely pissed don t waste money,"spinach, baby spinach",984,"5년 동안 팬데믹을 겪은 후에 아내가 코로나19에 감염되어 겨우 접종을 받은 상태였던 날짜부스터 백신을 받았습니다. 그 동안 기본적인 식료품을 구매하기 위해 완전히 격리되어 왔습니다. 그러나 우리는 식료품을 직접 선택하고 구매하는 것을 원했기 때문에 온라인 플랫폼을 사용하여 주문했습니다. 그러나 이 서비스는 별로였습니다. 선택한 식료품 가게는 익숙한 주요 상품들을 판매하고 있었지만, 온라인 플랫폼은 우리가 원하는 제품을 정확히 찾지 못했습니다. 제품의 가격이 높고 단위당 비용이 비싼 것도 문제였습니다. 또한 대체품을 선택할 때 실망스러웠고, 제품의 가치가 낮은 것을 선택했습니다. 결국, 이 서비스는 돈을 낭비하는 것 같았고, 대체품이 무의미하고 비효율적이었습니다. 이 경험으로 인해 매우 화가 났고, 돈을 낭비하지 않도록 조심해야겠다는 교훈을 얻었습니다."
Miriam,1.0,"Sept. 15, 2022",4 kids thought nice grocery delivered home dragging kids store instacart account 20 40 2 rushing delivery thought awesome deal deals total came 26 ordered 8 items app said order delivered half hour ago rushed outside orders milk order moreupon checking account realized instacart shopper didn deliver order ordered multiple items cost 210 05 instead 26 guy showed order delivered called customer service process delivery refund delivery came 1 missing item instacart customer service didn process refund just like told e calling customer service got promise gonna refund wish just went store kids aggravation worse disappointed instacart,milk,637,"4명의 아이들이 좋은 식료품을 집으로 배달받을 수 있다고 생각하여 아이들을 끌고 가게에 가지 않고 인스타카트 계정을 만들었습니다. 20달러와 40달러의 2개의 러싱 배송을 생각했는데, 멋진 거래라고 생각했습니다. 총액이 26달러가 나왔고 8개의 상품을 주문했습니다. 앱에 주문이 반 시간 전에 배달되었다고 나와서 밖으로 뛰쳐나갔는데 우유 주문을 더 주문해야 했습니다. 계정을 확인해보니 인스타카트 쇼퍼가 주문을 배달하지 않았음을 깨달았고 여러 개의 상품을 주문했는데 총 비용이 210.05달러가 되었던 것을 알게 되었습니다. 주문이 배달되었다고 나온 것을 보여주며 고객 서비스에 전화를 걸어 배송 프로세스를 처리하고 환불을 요청했지만 1개의 물품이 누락되었고 인스타카트 고객 서비스는 환불 처리를 하지 않았습니다. 그저 말한 대로 고객 서비스에 전화를 걸어 환불을 약속받았지만 그냥 가게에 가서 아이들과 함께 쇼핑했으면 더 좋았을 것 같습니다. 인스타카트에 실망했고 화가 나게 했습니다."
T,1.0,"Sept. 1, 2022",ordering instacart noticed milk gallon arizona tea cut leaking delivered aware careful don t think order company need conduct background checks,milk,143,인스타카트를 주문했을 때 우유 한 갤론과 애리조나 차가 누수되어 배달되었다. 조심해야 한다는 것을 알고 주문해야 한다고 생각하지 않는다. 이 회사는 배경 조사를 실시해야 한다.
Matthew,1.0,12-Jun-22,e instacart express member year continued using service quick easy access costco wegmans great supermarkets outside nyc makes convenient said nearly delivery went wrong spoiled food wrong item walking shoppers shopping chat order bananas plantains fruit receive 90 time rotten cracked eggs order steak different cut basic stuff expect follow directions moreinstacart good making corrective refunds eventually just ban option upload images send spoiled wrong items customer support issues blacklist account won respond runaround phone contact order appeals order appeals doesn company bunch thieves stealing people s money exploiting delivery people end customer e cancelled started using services,"banana, bananas",696,저는 인스타카트 익스프레스 회원으로 한 해 동안 서비스를 계속 이용했습니다. 코스트코와 웨그만 같은 훌륭한 슈퍼마켓에 쉽고 빠르게 접근할 수 있어서 뉴욕 시외에 있는 저에게 편리했습니다. 하지만 거의 배송이 잘못되거나 식료품이 상하기도 했고 잘못된 상품이 도착하기도 했습니다. 쇼퍼들이 쇼핑 중에 채팅을 하거나 바나나나 식물 바나나 과일을 주문했을 때 신선하지 않은 것을 받았습니다. 스테이크를 다른 부위로 주문했을 때도 기본적인 것들을 기대했던 것보다 다르게 받았습니다. 인스타카트는 환불을 해주는 것에 좋았지만 결국 이미지를 업로드하거나 상품을 잘못 보낸 경우에도 고객 지원 문제로 인해 계정을 블랙리스트에 올려버렸습니다. 전화로 연락하거나 주문을 항소해도 회사는 응답하지 않고 계속해서 문제를 회피했습니다. 주문을 취소하고 다른 서비스를 이용하기로 결정했습니다.
Kathy,2.0,06-Jun-22,second time e problem instacart kroger order maurisha c doing shopping took larger order decided drop order didn know order told going cancel order explaining customers nice words say told good luck couldn order pick kid 5 o lock told super disrespectful morehad instacart shopper lack experience obviously new shopper polite kept informed sent message saying refunded blueberries sister happened kroger time sent picture completely stocked cooler blueberries sent message said okay didn blueberries try instacart delivery 85 year old mother order right happy,"blueberries, blueberrie",559,"두 번째로 이용한 인스타카트 크로저 주문에서 문제가 발생했습니다. Maurisha C가 쇼핑을 하러 왔는데 더 큰 주문을 받았고, 주문을 내리기로 결정했습니다. 주문을 모르고 있던 상태에서 주문을 취소할 것이라고 말했는데, 고객에게 예의 바르지 않은 말을 했습니다. 행운을 빌어주었지만 주문을 받지 못했다고 말했습니다. 아이를 데리러 5시에 나가야 한다고 했는데, 매우 무례했습니다. 인스타카트 쇼퍼의 경험이 부족한 것 같았고, 새로운 쇼퍼인 것 같았습니다. 계속해서 업데이트를 해주었고, 환불되었다는 메시지를 보냈습니다. 그리고 블루베리 사진을 보냈는데, 크로저 시간에 완전히 가득 찬 쿨러의 블루베리를 보냈습니다. 메시지를 보내서 괜찮다고 했지만, 블루베리가 없었습니다. 인스타카트 배송을 시도해보세요. 85세의 어머니가 주문을 제대로 받아서 기뻤습니다."
Crystal,2.0,"Oct. 24, 2021",service okay s refund bruised banana lemons unusable dried rind instead orange juice sending product items shopper didn t mention problems shopping morning instacart nerve send message received complaints won t refunds la da maybe make sure service runs,"banana, lemon, lemons",253,"서비스는 괜찮았지만 환불된 상태의 상품들이 왔어요. 상품에는 상처 입은 바나나와 사용할 수 없는 레몬, 건조된 껍질 대신 오렌지 주스가 들어 있었습니다. 제품을 보내는 쇼퍼는 문제를 언급하지 않았고, 아침에 쇼핑을 한 것에 대한 불만을 받았습니다. 인스타카트가 메시지를 보내는 것은 너무 신경질적이라고 생각합니다. 불만을 받았는데도 환불을 해주지 않겠다고 합니다. 아마 서비스가 잘 운영되도록 확인해야 할 것 같아요."
HEESH,1.0,"Oct. 2, 2021",disgusted number items available choices young lady probably forced choose s checking remember time store item adult run 98 delivery services high fee service delivery fee expectation tip m sure offering m happy need understand order cheese pizza s likely don t eat meat person brought extremely small pepperoni pizzas ask jalape o peppers m getting banana peppers week guy left milk don t understand issue want ordered place order s extremely difficult understand m paying service getting service,"banana, milk",497,"저는 선택할 수 있는 항목의 수에 역겨워했고, 어린 여성이 아마도 선택을 강요당했을 것이라고 생각했습니다. 계산 중에 상점에서 물건을 기억해야 했고, 성인이 98달러의 배달 서비스 수수료와 높은 배달료를 지불해야 했습니다. 팁을 기대하는 것도 이해해야 했고, 주문한 치즈 피자를 주문했는데 고기를 먹지 않는 사람이라면 아마도 먹지 않을 것입니다. 사람이 가져온 극히 작은 페퍼로니 피자를 요청했고, 할라피뇨 페퍼를 받았습니다. 저는 다음 주에 바나나 페퍼를 받을 것입니다. 남자가 우유를 두고 갔는데, 이해할 수 없었습니다. 주문한 것을 받으려면 매우 어려웠고, 서비스를 받는 대신 서비스를 제공하는 것 같았습니다."
Cathy,1.0,"Aug. 9, 2021",used times drivers great instacart horrible lay issues time moreyearly subscription paid 99 year wouldn t charged delivery fee used time tried use added 5 delivery fee grossly overpriced items watch closely items buying jack price certain products example wanted tomatoes chose vine tomatoes added cart noticed 48 pound 48 cents pound 48 figured mistake chose different tomato going buy 30 pack beer usually runs 25 instacart charging 33 65 cent soup jacked 5 buy otc heartburn medication 16 48 pills charging 26 actually shopping certain items leave cart just shopping issue just flat mad understand carrying cases water hard work tip really service m older husband disabled s using shopping service tip fair app 20 arrive instacart started charging heavy lifting fee wasn t cheap gallon milk considered heavy 64oz bottle juice just items added additional 6 heavy lifting charge adding case water small watermelon 30 pack beer jumped nearly 30 removed items cart 2 50 heavy lifting fee didn t heavy left just way rob money doubt driver removed decided use anymore issue trying refund subscription fee didn t expect 99 expecting fair used month person spoke chat quoted refund 91 m good weeks later refund bank account time guy tells sees m refunded 91 t confirmation number assures m getting refund week later refund wanted use instacart wanted shopping options just walmart m walmart good thing say instacart drivers great liked chat like bananas items nice good business,"banana, bananas, milk",1473,"인스타카트를 사용한 경험은 좋았지만, 문제가 많았습니다. 매년 결제하는 구독비를 99달러 지불했는데 배송비를 청구받지 않았습니다. 그러나 상품들이 과도하게 비싼 것을 주의해야 했습니다. 예를 들어, 토마토를 구매하려고 했는데 포도 토마토를 선택하고 카트에 넣었을 때 48파운드에 48센트인데 48달러로 계산되어 있었습니다. 다른 토마토를 선택하려고 했는데, 맥주 30팩을 구매하려고 했을 때 인스타카트는 25달러인데 33달러를 청구했습니다. 또한, 약을 구매하려고 했을 때 16.48달러인데 26달러를 청구했습니다. 쇼핑을 하다가 카트에 놓은 상품들을 그냥 두고 쇼핑을 중단했는데, 이때도 추가로 6달러의 무거운 물건 운반 수수료를 청구했습니다. 이런 문제들로 인해 인스타카트를 더 이상 사용하지 않기로 결정했습니다. 환불을 요청했지만, 환불이 제대로 이루어지지 않아서 실망했습니다. 인스타카트 대신 월마트를 이용하는 것이 더 나은 선택이었습니다."
Brian,1.0,12-Jun-21,bad experiences instacart delivery publix contained chilled frozen contents melted warmed 60 degrees loss 20 00 compensated 9 50 ice cream milk ground meat lost debacle today 12 jun 21 topped delivery scheduled noon 2 got text 1158 shopping order 1445 contacted instacart chat got run 5 minutes order page open scheduled delivery jun 12 noon 2 moreduring chat instacart employee changed date proceeded blame mix verified store number address refused insulting 5 offer refreshed cart webpage saw date changed clicked button sure prior page showed 12th thanks google chrome asked delivery 5pm instacart employee began make statements 14th date point canceled order webpage ended conversation contacted publix store notified treatment learned publix shopping followed instacart phone verify lodged complaints contacting publix corporate week manager talked publix told instacart shoppers shop 8 orders time reason earlier order thawed frozen items ruined meat potentially kill notified point delivery late rescheduled day treated instacart employee chat willful disrespect person talked phone interested way treated way help utilize instacart suggest use,milk,1151,"인스타카트 배송 퍼블릭스에서 나쁜 경험을 했습니다. 냉동된 내용물이 녹아 60도까지 데워졌고 20불의 손해를 입었습니다. 9.50불을 보상받았지만 아이스크림, 우유, 생고기를 잃었습니다. 오늘 6월 12일에 예약된 배송이 정오부터 2시까지였는데 11시 58분에 문자를 받았고 쇼핑 주문은 14시 45분에 연락을 받았습니다. 인스타카트 채팅을 통해 5분간 실행되지 않은 주문 페이지를 열었고 날짜를 변경하려는 직원에게 연락했습니다. 상점 번호와 주소를 확인하고 무례한 5달러의 제안을 거부했습니다. 페이지를 새로 고친 후 날짜가 변경된 것을 보고 버튼을 클릭했지만 이전 페이지에서 12일로 표시되었던 것을 확인했습니다. 배송 시간을 5시로 요청했지만 인스타카트 직원은 14일로 변경하려고 했고 그때 주문을 취소했습니다. 퍼블릭스 매장에 연락하여 그들이 인스타카트 쇼퍼를 따라가는 방법을 배웠고 불만을 제기했습니다. 퍼블릭스의 관리자와 이야기한 후 인스타카트 직원과의 대화가 끝났습니다. 배송이 늦어져서 다음 날 재예"
Dennis,1.0,10-Jun-21,instacart supposed save time reality waste time half time called shoppers buy wrong items say store wanted don t want spend time look times went store shopped milk needed said store right shelf tried covid pandemic avoid crowds cancelled got vaccine waste time money thing shoppers care tip,milk,290,"인스타카트는 시간을 절약해줄 것으로 예상되었지만 실제로는 시간을 낭비하는 경우가 많습니다. 반 이상의 시간을 쇼퍼가 잘못된 상품을 사오는 데 사용하고, 가게에서 원하는 것을 사오지 않는 경우도 많습니다. 시간을 보내서 여러 번 가게에 가서 우유를 살 필요가 없다고 했는데도 가게에는 정확히 그 자리에 있었고, 코로나 팬데믹을 피하기 위해 사람이 많은 곳을 피하려고 취소했는데도 가게에 갔다가 쇼핑을 한 경우도 있습니다. 백신을 맞았더라도 시간과 돈을 낭비하는 일이 있습니다. 쇼퍼들은 팁만 신경쓰는 것 같습니다."
Kensi,1.0,30-Apr-21,like state high percentage deliveries received instacart faulty receive substitutions items asked like replacement skipped items stock favorite substitute flavors discretion asking s like ordering chicken receiving fish ordering strawberry ice cream bar receiving mango occasion store manager personally delivered item house stock instacart shopper door try avoid deliveries deposited trunk car grocery store instead,strawberry,416,"주문한 상품 중 높은 비율로 받은 것들은 인스타카트의 고장으로 인해 대체품을 받지 못한 경우가 많았습니다. 대체품을 요청했지만 스킵된 상품들이나 좋아하는 대체품 맛이 없는 경우가 많았습니다. 치킨을 주문했는데 생선을 받거나 딸기 아이스크림 바를 주문했는데 망고를 받는 등의 경우가 종종 있었습니다. 가게 관리자가 직접 상품을 집에 배달해주기도 했고, 인스타카트 쇼퍼가 문 앞에 두고 가기도 했습니다. 이를 피하기 위해 배송을 차량의 트렁크에 두거나 식료품점에서 직접 수령하는 것이 좋을 것 같습니다."
EJ,1.0,19-Apr-21,used instacart shopping delivery service 6 times year 2 successful shopper common items replaced items completely different ordered like replacing spinach asparagus pie place single slice mention items replaced substitutes selected experience 4 18 21 event order delivered unknown address instacart customer service refused provide instant credit stated refund appear bankcard 7 10 days m additional 120 easily issued credit account immediate use service proved waste time money,spinach,478,"저는 올해 6번 인스타카트 쇼핑 배송 서비스를 이용했는데, 2번의 성공적인 쇼퍼와 공통 아이템이 아닌 완전히 다른 아이템으로 대체된 주문이 있었습니다. 시금치를 아스파라거스 파이로 대체하거나, 한 조각이 아닌 파이를 주문한 경우와 같이 대체품이 선택되었습니다. 4월 18일 주문이 알 수 없는 주소로 배달되었을 때, 인스타카트 고객 서비스는 즉시 크레딧을 제공하지 않겠다고 거부했고, 환불이 은행 카드에 7~10일이 걸릴 것이라고 말했습니다. 추가로 120달러가 즉시 계정에 크레딧으로 지급되어 서비스는 시간과 돈을 낭비한 것으로 판명되었습니다."
Jerome,1.0,"Jan. 25, 2021",just posted review service page promptly deleted review detailed ve negative issues employees past stating groceries ordered stock did exist tonight final straw umpteenth time issue finally decided handle 20 minutes groceries delivered went store verify items employee said missing stock expected items claimed gone wasn t just items said stock entire list morea couple examples employee said toilet paper ordered stock literally entire pallet toilet paper obscure place right toilet paper aisle bathroom tissue example employee said store sale strawberries 99 cents cleaned completely arrived did employee lie price strawberries entire displays obviously picked plenty strawberry packs available sure second completely obscure location right produce section produce called customer support line express grievances 888 246 7822 normally don t write negative reviews things happen hired wrong employee ve issues problems clearly just employee issue company issue way company organized train employees manage employees blaming worker works long negative experiences definitely company problem fact removed review immediately tells company fact entirely trash lacks integrity transparency,"strawberry, strawberries",1185,"서비스 페이지에 리뷰를 게시했지만 즉시 삭제되었습니다. 직원들과 관련된 부정적 문제를 자세히 언급한 리뷰였는데, 과거에 주문한 식료품이 재고가 없다고 말했습니다. 오늘은 마지막으로 문제가 발생한 것이며, 문제가 발생한 이유로 20분 후에 식료품이 배달되었습니다. 가게에 가서 물품을 확인하려고 했지만 직원은 주문한 물품이 없다고 말했습니다. 예상했던 물품들이 없었고, 전체 목록이 사라진 것이었습니다. 몇 가지 예시를 들면, 직원은 화장지를 주문했는데 재고가 없다고 했지만 화장지 팔레트 전체가 화장지 통으로 가득 차 있었고, 이상한 곳에 있었습니다. 또 다른 예시로, 가게에서 딸기를 99센트에 판매한다고 했지만 완전히 정리되어 있었고, 직원이 거짓말을 한 것으로 보입니다. 실제로 딸기 팩이 많이 있었고, 생산품 구역에 있었습니다. 고객 지원 라인에 전화해서 불만을 표명했지만, 일반적으로 부정적인 리뷰를 쓰지 않습니다. 일이 벌어진 것이고, 잘못된 직원을 고용한 것이 문제라고 생각합니다. 문제가 있었고, 분명히 회사 문제입니다. 사실 리뷰를"
Jennifer,1.0,"Sept. 8, 2020",star ve user years think maybe little longer service recommended m currently disabled fighting lyme babesia disease t leave house need help getting groceries beginning correct order hour forget getting standard 2 hours getting correct order just t employees moretoday ordered albertsons sprouts different items course orders today wrong asked 10lbs meat wrapped 2lb increments just like single week recipe calls exactly 2lbs ground beef s easy butcher weigh package got 5 lb slabs meat helpful buy food scale order able divide 2 lb increments yes called complained yes refunded meat great correct orders second order asked bunch bananas organic avocados got single measly banana regular avocados tomorrow exchange waiting refund items don t think delivered cantaloupe damaging different shoppers just groceries doorstep walk away knock just dropped left s good thing watching known ice perishables sitting elements isn t plenty site issues want try item just like aware items forever way removing delete button buy look items rest life hated matter items count just loitering item section didn t feel need allow remove delete items delete facebook post t delete items items like picture single item buy forget missing photos hundreds maybe thousands don t update photos oh don t list items ex sprouts carries boiron homeopathics listed s small item dozens know seasonal items yeah listed big deal s ok literally t store matters like like purchase season holiday items household items listed s toss just know able did know fight receipt paid yep instacart withholds shoppers bags bags instacart asks don t want know different prices yep read correctly christmas talking shopper told fact don t shoppers tips end year going attempt use company tip shopper cash website force tip yeah happens horrible service forces tip want cash tip asks tip instacart impossible company work regardless times write complaints regardless refunds offer s getting worse way worse just shouldn t problems s obvious training shoppers successfully s obvious paying job times told don t shoppers day possible upstanding company takes care employees write month bad service s times life tough m business owner matter t make happy isn t just terrible company problem doubling suggested tip good service s pretty rare seriously single month just gets worse ve m pulling membership just shopping unacceptable absolutely excuse continually terrible service company needs new ownership complete overhaul don t believe just ask shoppers happy share stories company,"banana, bananas, avocados",2533,"별표와 사용자로 여러 해를 생각해보면 아마도 조금 더 긴 서비스를 추천합니다. 저는 현재 장애가 있고 라임 병과 베베시아 질병과 싸우고 있어 집을 나갈 수 없어 식료품을 구하는 데 도움이 필요합니다. 주문을 시작하면 올바른 주문을 받기까지 1시간을 잊지 마세요. 단순히 직원들이 더 필요합니다. 오늘 알버트슨스 스프라우트에서 다른 품목을 주문했는데, 오늘 주문들은 모두 잘못되었습니다. 10파운드의 고기를 2파운드 단위로 포장해 달라고 요청했는데, 정확히 2파운드의 다진 소고기가 필요한 레시피가 있는데, 정확히 2파운드의 고기를 얻었습니다. 식품 저울을 구입하여 주문을 할 때 2파운드 단위로 나눌 수 있었습니다. 네, 불평했고, 네, 고기를 환불 받았습니다. 정확한 주문들이 두 번째 주문에서 요청한 바나나와 유기농 아보카도를 받았습니다. 내일 교환을 기다리고 있습니다. 배송된 것으로 생각하지 않는 항목들이 있습니다. 캔티로프를 손상시키는 다른 쇼퍼들이 그냥 식료품을 문 앞에 놓고 떠나는 것을 보고 그냥"
Y P,1.0,2025-02-12 03:52:03,horrible experience poor customer service rate minus 0 option available got frozen cauliflower half thawed saggy mold product bag strawberry box half tomatoes 3 2 bad missing milk overall use app delete shopping store refunded items,"strawberry, milk",232,"형편없는 경험, 불친절한 고객 서비스, 별점을 마이너스 0으로 줄 수 있는 옵션이 없음. 얼어 붙은 컬리플라워 절반 해동된 상태로, 늘어진 곰팡이가 낀 제품이 든 가방, 딸기 상자의 절반 토마토 3개 중 2개가 상태가 안 좋았고 우유가 빠져있었다. 전체적으로 앱을 사용하지 않고 쇼핑 스토어를 삭제하고 제품을 환불 받았다."
Cristina Watt,1.0,2025-01-14 12:09:26,got strawberries rotten half box maybe shopper didnt thats fine ill buy new ones 8 hefty price fruit just let requested refund support got denied told form appeal need jump hoops sent picture showed issue faster just delete account disappointed customer service,strawberries,261,"딸기가 상한 상태로 반 상자가 왔어요. 아마 쇼퍼가 확인을 안 한 거겠죠. 괜찮아요, 새로 사겠어요. 과일 값이 비싼데 8개를 샀는데, 환불을 요청했더니 거부당했어요. 항소 양식을 제출해야 한다고 해서 사진을 보냈더니 빠르게 문제를 보여줬는데도 불구하고 계정을 삭제하라고 했어요. 실망스러운 고객 서비스에요."
Colette Hatfield,2.0,2025-05-28 10:21:51,order placing experience horrible hidden fees threats receiving order large tip offered low stock stock items dont order placed way remove item seniors fixed income stick budget update shopper accountability flatten bread chocolate onions delivery ice cream frozen items completely thawed 1010 recommend,"onion, onions",303,"주문 접수 과정이 끔찍하고 숨겨진 수수료가 있어서 협박을 받았습니다. 주문이 큰 팁을 제공했지만 재고가 부족하여 주문이 처리되지 않았고, 물품이 완전히 해동된 아이스크림과 냉동 제품이 배달되었습니다. 어르신들이 고정 소득으로 예산을 지키는 경우에는 쇼퍼의 책임을 강조하는 것이 좋습니다. 빵, 초콜릿, 양파가 납작해져서 배달되었고, 10점 만점에 10점을 추천합니다."
Jill Toler,2.0,2025-03-12 02:58:25,tons missing items app like milk lettuce customer service completely unhelpful fixing app great dont know happened,milk,114,우유 상추와 같은 많은 물건들이 앱에서 누락되어 있고 고객 서비스는 전혀 도움이 되지 않았습니다. 앱을 고치는 것은 좋았지만 무슨 일이 있었는지 모르겠습니다.
Colette Hatfield,2.0,2025-05-28 10:21:51,order placing experience horrible hidden fees threats receiving order large tip offered low stock stock items dont order placed way remove item seniors fixed income stick budget update shopper accountability flatten bread chocolate onions delivery ice cream frozen items completely thawed 1010 recommend,"onion, onions",303,"주문 접수 경험이 최악이었고 숨겨진 수수료와 주문을 받은 후 협박을 받았습니다. 큰 팁을 제안했지만 재고가 낮고 재고가 있는 상품을 주문하지 말라는 경고가 있었습니다. 주문한 상품 중 하나를 제거하는 방법이 없었고 고정 소득을 받는 노인들이 예산을 지키기 어려웠습니다. 쇼퍼의 책임을 업데이트하고 빵, 초콜릿, 양파를 펴서 배달된 아이스크림과 얼음이 완전히 녹았습니다. 10점 만점에 10점을 추천합니다."
Jill Toler,2.0,2025-03-12 02:58:25,tons missing items app like milk lettuce customer service completely unhelpful fixing app great dont know happened,milk,114,"우유 상추와 같은 많은 물품이 앱에서 누락되어 있습니다. 고객 서비스는 전혀 도움이 되지 않았고, 앱을 고치는 데에는 좋았습니다. 무슨 일이 있었는지 모르겠습니다."
Y P,1.0,2025-02-12 03:52:03,horrible experience poor customer service rate minus 0 option available got frozen cauliflower half thawed saggy mold product bag strawberry box half tomatoes 3 2 bad missing milk overall use app delete shopping store refunded items,"strawberry, milk",232,"형편없는 경험, 엉망인 고객 서비스, 별점 마이너스 0, 선택지 없음, 얼어 붙은 컬리플라워 반 해동된 상태로 늘어진 곰팡이가 생긴 제품 가방, 딸기 상자 반, 토마토 3개 중 2개가 나쁨, 우유가 빠져 있음, 전반적으로 앱 사용 중지, 쇼핑 스토어 삭제, 환불된 상품들."
JA,,"April 23, 2025",4 reviews apr 24 2025 save aggravation use possible jaunary 2025 present april 23 2025 instart delivered food order stop shop bayonne nj wrong address total 6 times time finihsing touch delivered abandoned home complained stop shop helpful trying fix problem instacart gave address guess expected pick paying hefty fee fror deliver correct address cancelled order s s gave credit fot order 85 years old today 3 days later received complaint mailman food order obsrtucting pathway house order perishables milks refigerated juices frozen foods cold cuts rotisierie chicken veggies fruit assume lying porch sun 3 days called s s help contacted instacart response don t pick things contact times orders trying straghten misdeliveries totally useless arrogant don t know manage stay buiness kind service customer service high delivery price problems times stores,milk,857,"2025년 4월 24일에 작성된 4개의 리뷰를 보고 가능한 경우 2025년 1월부터 2025년 4월 23일까지의 주문을 저장하여 불편함을 피하세요. 인스타트가 음식 주문을 전달했지만 베이온, 뉴저지의 스톱 앤 샵에 잘못된 주소로 총 6번 주문을 전달했습니다. 집을 방치한 채로 배달을 완료한 것이었고, 스톱 앤 샵에 불편을 느낀 고객이 문제를 해결하려고 노력했지만 인스타카트는 올바른 주소를 제시하지 않았습니다. 높은 수수료를 지불하고 올바른 주소로 배달을 받을 것으로 예상했지만 주문을 취소했습니다. 85세의 오늘 날 3일 후에 우체부가 집 앞을 가로막는 음식 주문에 대한 불만을 받았습니다. 주문은 퍼셔블, 우유, 냉장 주스, 냉동 식품, 콜드 컷, 로티세리 치킨, 채소, 과일 등을 가정으로 배달했으며, 3일 동안 햇볕에 노출된 것으로 가정합니다. 스톱 앤 샵에 도움을 요청했지만 인스타카트에 연락했을 때는 응답이 없었습니다. 물건을 수령하지 않았으며 여러 차례 주문을 시도"
